Province,County,District,Year,Month,0-11 Under-WT,0-11 Totals,12-35 Under-WT,12-35 Totals,36-59 Under- WT,36-59 Totals,TOTAL UNDER-WEIGHTS,Grand Total Weighings,KWAR,MAR,OTHERS,CONSTANT /FALTERING ,Malnourished,NEW child clinic records,Total Clinc Att,%Kwash,%Mar,%Others,% UNDERWEIGHT,NO.REPORTED,TOTAL NO. OF H. FACILITIES,REPORTING RATE%,DATE RECEIVED,AGE GROUP,POP,GMP TARGETS,%TARGETS,POP.PROJECTION
Coast,Kilifi,Kilifi,2002,January,1339,10316,923,2398,151,773,2413,13487,28,30,60,136,254,,16933,0.2%,0.2%,0.4%,17.9,,,,,,,,,
Coast,Kilifi,Kilifi,2002,February,1349,9755,798,2034,162,722,2309,12511,71,54,25,113,263,,15675,0.5%,0.3%,0.2%,18.5,,,,,,,,,
Coast,Kilifi,Kilifi,2002,March,1437,10210,577,1895,45,242,2059,12347,37,13,24,83,157,,15143,0.2%,0.1%,0.2%,16.7,,,,,,,,,
Coast,Kilifi,Kilifi,2002,April,1843,11028,673,2626,79,404,2595,14058,49,28,28,204,309,,16524,0.3%,0.2%,0.2%,18.5,,,,,,,,,
Coast,Kilifi,Kilifi,2002,May,1673,10663,824,2679,109,471,2606,13813,18,83,45,125,271,,16237,0.1%,0.5%,0.3%,18.9,,,,,,,,,
Coast,Kilifi,Kilifi,2002,June,1182,9265,583,2255,119,988,1884,12508,25,24,39,123,211,,14829,0.2%,0.2%,0.3%,15.1,,,,,,,,,
Coast,Kilifi,Kilifi,2002,July,1860,11302,478,2364,108,648,2446,14314,44,33,42,163,282,,16994,0.3%,0.2%,0.2%,17.1,,,,,,,,,
Coast,Kilifi,Kilifi,2002,August,1605,11993,601,2850,64,551,2270,15394,40,39,79,138,296,,17388,0.2%,0.2%,0.5%,14.7,,,,,,,,,
Coast,Kilifi,Kilifi,2002,September,1227,11060,503,2227,71,559,1801,13846,30,18,48,108,204,,17064,0.2%,0.1%,0.3%,13.0,,,,,,,,,
Coast,Kilifi,Kilifi,2002,October,1381,11749,507,2253,88,644,1976,14646,20,37,60,180,297,,16429,0.1%,0.2%,0.4%,13.5,,,,,,,,,
Coast,Kilifi,Kilifi,2002,November,935,9945,566,2629,86,806,1587,13380,25,13,47,101,186,,14595,0.2%,0.1%,0.3%,11.9,,,,,,,,,
Coast,Kilifi,Kilifi,2002,December,1076,9693,498,2160,60,511,1634,12364,36,17,32,219,304,,14701,0.2%,0.1%,0.2%,13.2,,,,,,,,,
Coast,Kilifi,Kilifi,2003,January,1300,13392,675,2671,101,945,2076,17008,26,10,69,133,238,,,,,,12.2,,,,,,,,,
Coast,Kilifi,Kilifi,2003,February,1402,11240,730,2936,131,915,2263,15091,19,29,13,219,280,,,,,,15.0,,,,,,,,,
Coast,Kilifi,Kilifi,2003,March,1321,12565,800,2778,99,692,2220,16035,19,47,29,226,321,,,,,,13.8,,,,,,,,,
Coast,Kilifi,Kilifi,2003,April,992,10191,590,2438,85,647,1667,13276,9,32,78,124,243,,,,,,12.6,,,,,,,,,
Coast,Kilifi,Kilifi,2003,May,956,11295,734,2815,73,1279,1763,15389,13,23,2,85,123,,,,,,11.5,,,,,,,,,
Coast,Kilifi,Kilifi,2003,June,1024,12174,543,2691,81,796,1648,15661,28,52,28,85,193,,,,,,10.5,,,,,,,,,
Coast,Kilifi,Kilifi,2003,July,979,13504,665,3232,124,1116,1768,17852,36,18,41,109,204,,,,,,9.9,,,,,,,,,
Coast,Kilifi,Kilifi,2003,August,949,12764,640,3234,99,714,1688,16712,29,17,48,75,169,,,,,,10.1,,,,,,,,,
Coast,Kilifi,Kilifi,2003,September,890,13296,605,2887,110,739,1605,16922,35,36,41,124,236,,,,,,9.5,,,,,,,,,
Coast,Kilifi,Kilifi,2003,October,758,13968,578,2955,120,775,1456,17698,22,69,68,142,301,,,,,,8.2,,,,,,,,,
Coast,Kilifi,Kilifi,2003,November,719,12672,464,2747,85,811,1268,16230,10,28,84,181,303,,,,,,7.8,,,,,,,,,
Coast,Kilifi,Kilifi,2003,December,801,12704,512,2285,118,686,1431,15675,13,10,46,78,147,,,,,,9.1,,,,,,,,,
Coast,Kilifi,Kilifi,2004,January,789,12132,547,2446,121,634,1457,15212,34,30,58,68,190,1711,16347,0.2%,0.2%,0.4%,9.6,,,,,,,,,
Coast,Kilifi,Kilifi,2004,February,791,12663,571,2695,74,583,1436,15941,34,31,104,107,276,1623,16698,0.2%,0.2%,0.6%,9.0,,,,,,,,,
Coast,Kilifi,Kilifi,2004,March,838,12339,570,2818,99,707,1507,15864,12,17,54,71,154,2043,17499,0.1%,0.1%,0.3%,9.5,,,,,,,,,
Coast,Kilifi,Kilifi,2004,April,857,12256,511,2586,119,675,1487,15517,18,60,38,245,361,2343,17433,0.1%,0.3%,0.2%,9.6,,,,,,,,,
Coast,Kilifi,Kilifi,2004,May,1080,12653,716,3073,171,722,1967,16448,52,122,78,145,397,2502,18093,0.3%,0.7%,0.4%,12.0,,,,,,,,,
Coast,Kilifi,Kilifi,2004,June,798,12859,589,2980,142,806,1529,16645,43,82,51,72,248,2067,17946,0.2%,0.5%,0.3%,9.2,,,,,,,,,
Coast,Kilifi,Kilifi,2004,July,800,14229,575,2471,109,664,1484,17364,25,75,24,123,247,2609,19259,0.1%,0.4%,0.1%,8.5,,,,,,,,,
Coast,Kilifi,Kilifi,2004,August,1209,14495,865,4175,156,1097,2230,19767,,,,,,,,,,,11.3,,,,,,,,,
Coast,Kilifi,Kilifi,2004,September,740,13720,715,3646,157,968,1612,18334,19,141,71,187,418,1523,0,,,,8.8,,,,,,,,,
Coast,Kilifi,Kilifi,2004,October,897,12561,763,3740,137,1225,1797,17526,13,94,54,64,225,1842,0,,,,10.3,,,,,,,,,
Coast,Kilifi,Kilifi,2004,November,950,14837,708,3815,180,1018,1838,19670,30,121,95,168,414,1651,0,,,,9.3,,,,,,,,,
Coast,Kilifi,Kilifi,2004,December,758,12656,674,3217,182,1054,1614,16927,30,253,86,318,687,1161,0,,,,9.5,,,,,,,,,
Coast,Kilifi,Kilifi,2005,January,979,14641,931,3781,248,1312,2158,19734,26,137,94,133,390,1677,19734,0.1%,0.7%,0.5%,10.9,,,,,,,,,
Coast,Kilifi,Kilifi,2005,February,863,13362,808,3466,226,822,1897,17650,31,131,401,359,922,1281,17650,0.2%,0.7%,2.3%,10.7,,,,,,,,,
Coast,Kilifi,Kilifi,2005,March,817,14262,734,3095,249,625,1800,17982,19,187,70,236,512,1631,17982,0.1%,1.0%,0.4%,10.0,,,,,,,,,
Coast,Kilifi,Kilifi,2005,April,783,13761,802,3751,170,735,1755,18247,27,137,65,226,455,5563,18247,0.1%,0.8%,0.4%,9.6,,,,,,,,,
Coast,Kilifi,Kilifi,2005,May,604,13261,490,2541,217,738,1311,16540,31,58,100,279,468,2526,16540,0.2%,0.4%,0.6%,7.9,,,,,,,,,
Coast,Kilifi,Kilifi,2005,June,674,14286,677,3295,119,704,1470,18285,13,161,26,101,301,2113,15389,0.1%,1.0%,0.2%,8.0,,,,,,,,,
Coast,Kilifi,Kilifi,2005,July,873,13863,666,3824,163,1008,1702,18695,26,199,107,220,552,4008,18695,0.1%,1.1%,0.6%,9.1,,,,,,,,,
Coast,Kilifi,Kilifi,2005,August,652,15542,547,3766,121,666,1320,19974,12,70,63,252,397,2819,19974,0.1%,0.4%,0.3%,6.6,,,,,,,,,
Coast,Kilifi,Kilifi,2005,September,715,15417,600,3821,152,1154,1467,20392,13,91,58,94,256,1896,20392,0.1%,0.4%,0.3%,7.2,,,,,,,,,
Coast,Kilifi,Kilifi,2005,October,551,14350,452,3096,108,718,1111,18164,17,56,64,215,352,2116,18164,0.1%,0.3%,0.4%,6.1,,,,,,,,,
Coast,Kilifi,Kilifi,2005,November,476,13476,633,3841,145,997,1254,18314,15,87,55,134,291,2308,18314,0.1%,0.5%,0.3%,6.8,,,,,,,,,
Coast,Kilifi,Kilifi,2005,December,595,15419,620,3386,142,867,1357,19672,9,102,60,95,266,2258,220753,0.0%,0.0%,0.0%,6.9,,,,,,,,,
Coast,Kilifi,Kilifi,2006,April,452,14014,500,2937,189,725,1141,17676,12,52,84,135,283,2748,17676,0.1%,0.3%,0.5%,6.5,,,,,,,,,
Coast,Kilifi,Kilifi,2006,August,501,14176,631,3532,192,957,1324,18665,30,225,66,115,436,2009,18665,0.2%,1.2%,0.4%,7.1,,,,,,,,,
coast,Kilifi,Kilifi,2006,December,387,15193,555,3998,178,1178,1120,20366,8,66,83,152,309,1873,20366,0.0%,0.3%,0.4%,5.5,,,,,,,,,
Coast,Kilifi,Kilifi,2006,February,609,15477,556,3454,174,786,1339,19717,196,1,222,18,437,1888,19717,1.0%,0.0%,1.1%,6.8,,,,,,,,,
Coast,Kilifi,Kilifi,2006,January,524,14719,540,3560,150,878,1214,19157,299,160,625,357,1441,8513,19157,1.6%,0.8%,3.3%,6.3,,,,,,,,,
Coast,Kilifi,Kilifi,2006,July,602,17264,706,3789,213,917,1521,21970,19,156,28,150,353,2498,21970,0.1%,0.7%,0.1%,6.9,,,,,,,,,
Coast,Kilifi,Kilifi,2006,June,514,16111,581,3399,210,1285,1305,20795,22,66,75,287,450,2551,20795,0.1%,0.3%,0.4%,6.3,,,,,,,,,
Coast,Kilifi,Kilifi,2006,March,650,16777,675,4122,232,1050,1557,21949,81,9,212,105,407,2288,21949,0.4%,0.0%,1.0%,7.1,,,,,,,,,
Coast,Kilifi,Kilifi,2006,May,476,17463,501,3359,219,847,1196,21669,15,146,35,249,445,2905,21669,0.1%,0.7%,0.2%,5.5,,,,,,,,,
coast,Kilifi,Kilifi,2006,November,422,15463,442,3659,170,946,1034,20068,13,65,69,169,316,2627,20068,0.1%,0.3%,0.3%,5.2,,,,,,,,,
Coast,Kilifi,Kilifi,2006,October,372,16628,462,3936,155,735,989,21299,19,64,21,100,204,2740,21299,0.1%,0.3%,0.1%,4.6,,,,,,,,,
coast,Kilifi,Kilifi,2007,February,400,15319,347,3236,147,917,894,19472,10,88,81,91,270,1872,19472,0.1%,0.5%,0.4%,4.6,,,,7/5/07,,,,,
coast,Kilifi,Kilifi,2007,January,592,17291,537,4267,198,1106,1327,22664,5,71,87,118,281,2043,22664,0.0%,0.3%,0.4%,5.9,,,,7/5/07,,,,,
Coast,Kilifi,Kilifi,2007,February,400,15319,347,3236,147,917,894,19472,10,88,81,91,270,1872,19472,0.1%,0.5%,0.4%,4.6,,,,,,,,,
coast,Kilifi,Kilifi,2007,January,592,17291,537,4267,198,1106,1327,22664,5,71,87,118,281,2043,22664,0.0%,0.3%,0.4%,5.9,,,,7/5/07,,,,,
Eastern,Kitui,Kitui,2002,February,202,4962,123,931,90,1287,415,7180,33,56,65,63,217,,6899,0.5%,0.8%,0.9%,5.8,,,,,,,,,
Eastern,Kitui,Kitui,2002,July,339,6951,106,877,24,351,469,8179,16,24,33,123,196,,8666,0.2%,0.3%,0.4%,5.7,,,,,,,,,
Eastern,Kitui,Kitui,2002,September,298,7080,139,888,46,301,483,8269,16,74,97,65,252,,7166,0.2%,1.0%,1.4%,5.8,,,,,,,,,
Eastern,Kitui,Kitui,2003,January,245,6765,85,1013,28,328,358,8106,17,47,22,106,192,,,,,,4.4,,,,,,,,,
Eastern,Kitui,Kitui,2003,March,419,7218,135,954,45,406,599,8578,24,36,24,100,184,,,,,,7.0,,,,,,,,,
Eastern,Kitui,Kitui,2003,April,168,5500,75,553,25,201,268,6254,14,22,26,56,118,,,,,,4.3,,,,,,,,,
Eastern,Kitui,Kitui,2003,May,383,7160,121,900,14,211,518,8271,22,24,36,93,175,,,,,,6.3,,,,,,,,,
Eastern,Kitui,Kitui,2003,June,242,7037,97,838,32,404,371,8279,28,30,34,70,162,,,,,,4.5,,,,,,,,,
Eastern,Kitui,Kitui,2003,July,219,6640,86,653,36,295,341,7588,35,31,30,95,191,,,,,,4.5,,,,,,,,,
Eastern,Kitui,Kitui,2003,August,312,7702,131,967,11,353,454,9022,14,27,19,80,140,,,,,,5.0,,,,,,,,,
Eastern,Kitui,Kitui,2003,September,271,7296,86,819,18,298,375,8413,29,26,12,87,154,,,,,,4.5,,,,,,,,,
Eastern,Kitui,Kitui,2003,October,214,5563,83,489,17,211,314,6263,23,33,20,53,129,,,,,,5.0,,,,,,,,,
Eastern,Kitui,Kitui,2003,December,171,5568,59,520,13,180,243,6268,27,31,61,61,180,,,,,,3.9,,,,,,,,,
Eastern,Kitui,Kitui,2004,January,294,6951,166,1337,23,343,483,8631,24,39,14,69,146,2513,9079,0.3%,0.4%,0.2%,5.6,,,,,,,,,
Eastern,Kitui,Kitui,2004,February,338,6954,173,1090,31,429,542,8473,16,44,12,92,164,2807,10436,0.2%,0.4%,0.1%,6.4,,,,,,,,,
Eastern,Kitui,Kitui,2004,March,486,8461,329,1783,67,508,882,10752,16,48,43,85,192,3553,13031,0.1%,0.4%,0.3%,8.2,,,,,,,,,
Eastern,Kitui,Kitui,2005,January,182,6640,254,1493,36,636,472,8769,20,44,20,59,143,2905,10176,0.2%,0.4%,0.2%,5.4,,,,,,,,,
Eastern,Kitui,Kitui,2005,February,356,8875,304,1501,116,727,776,11103,7,34,40,112,193,3097,12219,0.1%,0.3%,0.3%,7.0,,,,,,,,,
Eastern,Kitui,Kitui,2005,March,351,8733,267,1470,106,751,724,10954,14,24,31,88,157,2698,11734,0.1%,0.2%,0.3%,6.6,,,,,,,,,
Eastern,Kitui,Kitui,2005,April,304,8500,332,2257,118,932,754,11689,11,28,26,126,191,3306,11997,0.1%,0.2%,0.2%,6.5,,,,,,,,,
Eastern,Kitui,Kitui,2005,May,207,7337,190,1600,60,858,457,9795,20,23,33,101,177,2371,10857,0.2%,0.2%,0.3%,4.7,,,,,,,,,
Eastern,Kitui,Kitui,2005,June,319,8596,248,1462,103,690,670,10748,38,24,30,116,208,2606,11538,0.3%,0.2%,0.3%,6.2,,,,,,,,,
Eastern,Kitui,Kitui,2005,July,175,7185,122,1147,66,1026,363,9358,33,18,31,43,125,2474,9052,0.4%,0.2%,0.3%,3.9,,,,,,,,,
Eastern,Kitui,Kitui,2006,February,389,8124,333,1893,164,929,886,10946,30,48,43,130,251,3533,12541,0.2%,0.4%,0.3%,8.1,,68,,,,,,,
Eastern,Kitui,Kitui,2006,March,449,8283,328,1853,254,992,1031,11128,34,51,56,243,384,3500,11823,0.3%,0.4%,0.5%,9.3,,68,,,,,,,
Eastern,Kitui,Kitui,2006,April,271,6776,392,1193,122,555,785,8524,26,25,29,73,153,1103,8524,0.3%,0.3%,0.3%,9.2,40,68,58.82%,,,,,,
Eastern,Kitui,Kitui,2006,May,355,6398,334,1441,253,675,942,8514,29,60,33,65,187,1550,8845,0.3%,0.7%,0.4%,11.1,43,68,63.23%,,,,,,
Eastern,Kitui,Kitui,2006,June,265,7588,428,1531,213,1168,906,10287,6,29,12,69,116,2636,11354,0.1%,0.3%,0.1%,8.8,40,68,58.82%,,,,,,
Eastern,Kitui,Kitui,2006,July,609,6904,266,1249,96,595,971,8748,17,34,24,68,143,1811,8748,0.2%,0.4%,0.3%,11.1,,68,,,,,,,
Eastern,Kitui,Kitui,2006,September,384,8663,294,1886,141,786,819,11335,25,40,49,4,118,2069,11770,0.2%,0.3%,0.4%,7.2,,68,,,,,,,
Eastern,Kitui,Kitui,2006,October,313,7581,194,1262,106,568,613,9411,27,27,14,46,114,2256,9411,0.3%,0.3%,0.1%,6.5,,68,,,,,,,
Eastern,Kitui,Kitui,2006,November,257,7035,181,1231,100,539,538,8805,16,24,11,49,100,1224,8805,0.2%,0.3%,0.1%,6.1,,,,,,,,,
Eastern,Kitui,Kitui,2006,December,296,6894,208,1131,110,515,614,8540,19,17,12,84,132,1308,8540,0.2%,0.2%,0.1%,7.2,,,,,,,,,
Eastern,Kitui,Kitui,2007,January,305,9463,219,1735,143,908,667,12106,22,26,12,107,167,2113,12106,0.2%,0.2%,0.1%,5.5,,,,,,,,,
Eastern,Kitui,Kitui,2007,February,378,8700,246,1921,137,1068,761,11689,10,21,25,65,121,1583,11689,0.1%,0.2%,0.2%,6.5,,,,,,,,,
Eastern,Kitui,Kitui,2007,May,457,9349,205,1881,105,994,767,12224,42,18,19,126,205,1986,12224,0.3%,0.1%,0.2%,6.3,,,,,,,,,
Eastern,Kitui,Kitui,2007,April,323,8538,297,1597,85,660,705,10795,25,14,23,110,172,2461,10795,0.2%,0.1%,0.2%,6.5,,,,,,,,,
Eastern,Kitui,Kitui,2007,March,355,8409,348,1602,169,811,872,10822,18,13,19,78,128,1833,10822,0.2%,0.1%,0.2%,8.1,,,,,,,,,
Coast,Kwale,Kwale,2002,January,1019,7627,589,2965,127,933,1735,11525,14,54,92,160,1381,,11525,0.1%,0.5%,0.8%,15.1,,,,,,,,,
Coast,Kwale,Kwale,2002,February,756,6537,430,2399,130,945,1316,9881,12,68,274,354,974,,9534,0.1%,0.7%,2.9%,13.3,,,,,,,,,
Coast,Kwale,Kwale,2002,March,649,5090,361,1867,92,616,1102,7573,10,60,307,377,930,,7573,0.1%,0.8%,4.1%,14.6,,,,,,,,,
Coast,Kwale,Kwale,2002,April,1033,8211,538,2847,137,1093,1708,12151,19,42,305,366,1347,,12151,0.2%,0.3%,2.5%,14.1,,,,,,,,,
Coast,Kwale,Kwale,2002,May,795,6728,372,2506,77,797,1244,10031,13,68,275,356,1306,,10054,0.1%,0.7%,2.7%,12.4,,,,,,,,,
Coast,Kwale,Kwale,2002,June,824,7442,368,2819,91,761,1283,11022,16,69,236,321,1342,,10997,0.1%,0.6%,2.1%,11.6,,,,,,,,,
Coast,Kwale,Kwale,2002,July,604,6363,386,2755,111,750,1101,9868,19,98,166,283,1103,,9886,0.2%,1.0%,1.7%,11.2,,,,,,,,,
Coast,Kwale,Kwale,2002,August,632,7184,365,2870,89,985,1086,11039,16,80,143,239,972,,10930,0.1%,0.7%,1.3%,9.8,,,,,,,,,
Coast,Kwale,Kwale,2002,September,549,5863,283,2220,129,700,961,8783,11,52,83,146,982,,8805,0.1%,0.6%,0.9%,10.9,,,,,,,,,
Coast,Kwale,Kwale,2002,October,808,8121,347,2725,83,961,1238,11807,17,77,209,303,1584,,11819,0.1%,0.7%,1.8%,10.5,,,,,,,,,
Coast,Kwale,Kwale,2002,November,677,8069,410,2836,114,1007,1201,11912,16,39,126,181,1347,,11614,0.1%,0.3%,1.1%,10.1,,,,,,,,,
Coast,Kwale,Kwale,2002,December,713,7327,347,2766,99,826,1159,10919,12,47,134,193,1203,,10821,0.1%,0.4%,1.2%,10.6,,,,,,,,,
Coast,Kwale,Kwale,2003,January,900,8404,565,3004,148,870,1613,12278,12,10,95,148,265,,,,,,13.1,,,,,,,,,
Coast,Kwale,Kwale,2003,February,910,8860,568,2907,187,1252,1665,13019,16,16,89,134,255,,,,,,12.8,,,,,,,,,
Coast,Kwale,Kwale,2003,March,769,6701,414,2577,105,789,1288,10067,8,12,72,121,213,,,,,,12.8,,,,,,,,,
Coast,Kwale,Kwale,2003,April,724,6090,654,2447,279,1648,1657,10185,11,6,72,184,273,,,,,,16.3,,,,,,,,,
Coast,Kwale,Kwale,2003,May,870,8192,560,2883,179,2089,1609,13164,13,11,102,155,281,,,,,,12.2,,,,,,,,,
Coast,Kwale,Kwale,2003,June,1019,8145,537,3033,139,1014,1695,12192,9,11,184,109,313,,,,,,13.9,,,,,,,,,
Coast,Kwale,Kwale,2003,July,1329,11191,666,3707,270,1657,2265,16555,13,16,85,135,249,,,,,,13.7,,,,,,,,,
Coast,Kwale,Kwale,2003,August,1355,10173,797,3841,252,1395,2404,15409,12,18,132,137,299,,,,,,15.6,,,,,,,,,
Coast,Kwale,Kwale,2003,September,1364,12018,764,4589,211,1671,2339,18278,20,22,151,238,431,,,,,,12.8,,,,,,,,,
Coast,Kwale,Kwale,2003,October,1192,10585,811,4450,183,1317,2186,16352,13,7,144,124,288,,,,,,13.4,,,,,,,,,
Coast,Kwale,Kwale,2003,November,643,6821,382,2491,111,914,1136,10226,12,5,158,146,321,,,,,,11.1,,,,,,,,,
Coast,Kwale,Kwale,2003,December,1006,9487,696,3717,173,1235,1875,14439,13,4,105,146,1498,,,,,,13.0,,,,,,,,,
Coast,Kwale,Kwale,2004,January,1418,9807,795,4100,199,1859,2412,15766,13,28,182,169,392,1596,15445,0.1%,0.2%,1.2%,15.3,,,,,,,,,
Coast,Kwale,Kwale,2004,February,961,7989,597,3353,176,1239,1734,12581,10,9,173,137,329,925,11588,0.1%,0.1%,1.5%,13.8,,,,,,,,,
Coast,Kwale,Kwale,2004,March,1068,8040,771,3423,173,1351,2012,12814,12,13,72,145,242,1123,12816,0.1%,0.1%,0.6%,15.7,,,,,,,,,
Coast,Kwale,Kwale,2004,April,819,7044,639,3085,208,1481,1666,11610,15,22,99,118,254,1007,11645,0.1%,0.2%,0.9%,14.3,,,,,,,,,
Coast,Kwale,Kwale,2004,May,1349,11471,838,4599,281,1868,2468,17938,24,15,139,184,362,1538,17962,0.1%,0.1%,0.8%,13.8,,,,,,,,,
Coast,Kwale,Kwale,2004,June,902,9386,675,3896,178,1196,1755,14478,20,19,53,149,241,1370,14348,0.1%,0.1%,0.4%,12.1,,,,,,,,,
Coast,Kwale,Kwale,2004,July,964,10290,790,4438,197,1476,1951,16204,18,12,171,153,354,1712,16204,0.1%,0.1%,1.1%,12.0,,,,,,,,,
Coast,Kwale,Kwale,2004,August,1114,10466,923,4607,224,1360,2261,16433,14,13,139,209,375,1602,16433,0.1%,0.1%,0.8%,13.8,,,,,,,,,
Coast,Kwale,Kwale,2004,December,9,16,87,207,160,680,256,903,,,,,,,,,,,28.3,,,,,,,,,
Coast,Kwale,Kwale,2005,January,587,8199,758,4122,196,1613,1541,13934,23,12,133,154,322,873,13934,0.2%,0.1%,1.0%,11.1,,,,,,,,,
Coast,Kwale,Kwale,2005,February,874,11049,953,5331,285,6765,2112,23145,14,14,234,232,494,1210,23145,0.1%,0.1%,1.0%,9.1,,,,,,,,,
Coast,Kwale,Kwale,2005,March,791,9897,396,4899,290,1505,1477,16301,13,44,200,109,366,1063,16301,0.1%,0.3%,1.2%,9.1,,,,,,,,,
Coast,Kwale,Kwale,2005,April,657,8508,841,3759,232,990,1730,13257,9,22,143,159,333,693,13257,0.1%,0.2%,1.1%,13.0,,,,,,,,,
Coast,Kwale,Kwale,2005,May,744,11104,969,5639,226,1630,1939,18373,40,30,307,194,571,1629,18373,0.2%,0.2%,1.7%,10.6,,,,,,,,,
Coast,Kwale,Kwale,2005,June,632,10326,801,4933,186,1545,1619,16804,19,36,172,271,498,1332,16804,0.1%,0.2%,1.0%,9.6,,,,,,,,,
Coast,Kwale,Kwale,2005,July,601,10960,731,4738,160,1329,1492,17027,29,28,293,296,646,1714,17027,0.2%,0.2%,1.7%,8.8,,,,,,,,,
Coast,Kwale,Kwale,2005,August,730,11927,832,5388,224,1601,1786,18916,19,20,323,275,637,1822,18916,0.1%,0.1%,1.7%,9.4,,,,,,,,,
Coast,Kwale,Kwale,2005,September,733,11432,790,5311,208,1927,1731,18670,20,23,301,344,688,1575,18670,0.1%,0.1%,1.6%,9.3,,,,,,,,,
Coast,Kwale,Kwale,2005,October,562,10988,720,5165,207,1583,1489,17736,36,22,226,257,541,1512,17736,0.2%,0.1%,1.3%,8.4,,,,,,,,,
Coast,Kwale,Kwale,2005,November,406,9762,576,4669,143,1384,1125,15815,24,16,202,253,495,1374,15815,0.2%,0.1%,1.3%,7.1,,,,,,,,,
Coast,Kwale,Kwale,2005,December,525,10221,647,4231,186,1425,1358,15877,14,16,122,228,380,1957,15877,0.1%,0.1%,0.8%,8.6,,,,,,,,,
Coast,Kwale,Kwale,2006,January,901,11872,762,5154,460,1668,2123,18694,6,373,131,213,723,1806,18694,0.0%,2.0%,0.7%,11.4,,,,,,,,,
Coast,Kwale,Kwale,2006,February,721,11903,708,5264,233,1877,1662,19044,11867,351,15,30,12263,2791,19044,62.3%,1.8%,0.1%,8.7,,,,,,,,,
Coast,Kwale,Kwale,2006,March,765,12769,877,5753,308,1847,1950,20369,15,14615,67,53,14750,1904,20369,0.1%,71.8%,0.3%,9.6,,,,,,,,,
Coast,Kwale,Kwale,2006,April,607,10784,687,4303,231,1448,1525,16535,20,4962,100,53,5135,1551,16535,0.1%,30.0%,0.6%,9.2,,,,,,,,,
Coast,Kwale,Kwale,2006,May,837,13387,871,5942,350,2229,2058,21558,21,10771,166,417,11375,2244,21558,0.1%,50.0%,0.8%,9.5,,,,,,,,,
Coast,Kwale,Kwale,2006,June,934,13996,966,5985,314,1831,2214,21812,27,11,110,217,365,2262,21812,0.1%,0.1%,0.5%,10.2,,,,,,,,,
Coast,Kwale,Kwale,2006,July,934,13879,960,5779,319,2209,2213,21867,32,63,128,613,836,2903,21867,0.1%,0.3%,0.6%,10.1,,,,,,,,,
Coast,Kwale,Kwale,2006,August,905,14609,903,6414,309,2664,2117,23687,27,63,105,613,808,2496,23687,0.1%,0.3%,0.4%,8.9,,,,,,,,,
Coast,Kwale,Kwale,2006,September,844,15663,1044,7192,372,2536,2260,25391,51,15,177,245,488,2111,25391,0.2%,0.1%,0.7%,8.9,,,,,,,,,
Coast,Kwale,Kwale,2006,October,765,12581,723,5770,316,1870,1804,20221,28,15,141,565,749,1710,20221,0.1%,0.1%,0.7%,8.9,,,,,,,,,
Coast,Kwale,Kwale,2006,November,740,13543,895,6210,270,1960,1905,21713,35,15,170,434,654,1488,21713,0.2%,0.1%,0.8%,8.8,,,,,,,,20%,
Coast,Kwale,Kwale,2006,December,554,10580,564,4681,201,1593,1319,16854,24,13,118,221,376,1197,16854,0.1%,0.1%,0.7%,7.8,,,,18/7/2007,,,,8%,
Coast,Kwale,Kwale,2007,January,673,13936,904,6544,236,1991,1813,22471,,,,,0,,22471,0.0%,0.0%,0.0%,8.1,,53,0,27/7/07,,,,,
Coast,Kwale,Kwale,2007,February,862,13972,971,7188,339,2569,2172,23729,,,,,0,,23729,0.0%,0.0%,0.0%,9.2,,53,0,27/7/07,,,,,
Coast,Kwale,Kwale,2007,March,931,14825,981,7592,360,2373,2272,24790,,,,,0,,24790,0.0%,0.0%,0.0%,9.2,,53,0,27/7/07,,,,,
Coast,Kwale,Kwale,2007,April,866,14951,1178,7704,413,2308,2457,24963,27,29,223,193,472,2659,24963,0.1%,0.1%,0.9%,9.8,,53,0,30/7/07,,,,,
Coast,Kwale,Kwale,2007,May,686,14976,1180,7634,349,2501,2215,25111,35,24,150,606,815,2229,25111,0.1%,0.1%,0.6%,8.8,,53,0,30/7/07,,,,,
Coast,Kwale,Kwale,2007,June,680,14782,1065,7941,470,2974,2215,25697,47,50,140,264,501,2214,25697,0.2%,0.2%,0.5%,8.6,,53,0,30/7/07,,,,,
Eastern,Makueni,Makueni,2002,January,160,5780,69,946,25,328,254,7054,5,32,6,50,93,,7368,0.1%,0.4%,0.1%,3.6,,,,,,,,,
Eastern,Makueni,Makueni,2002,February,159,5017,56,557,32,164,247,5738,11,34,2,38,85,,5887,0.2%,0.6%,0.0%,4.3,,,,,,,,,
Eastern,Makueni,Makueni,2002,March,201,6694,98,118,36,256,335,7068,22,57,16,38,133,,6998,0.3%,0.8%,0.2%,4.7,,,,,,,,,
Eastern,Makueni,Makueni,2002,April,324,7209,76,776,11,260,411,8245,10,29,55,1,95,,8144,0.1%,0.4%,0.7%,5.0,,,,,,,,,
Eastern,Makueni,Makueni,2002,May,242,7308,65,634,18,235,325,8177,15,48,57,1,121,,8233,0.2%,0.6%,0.7%,4.0,,,,,,,,,
Eastern,Makueni,Makueni,2002,June,210,6453,61,801,21,275,292,7529,25,31,54,3,113,,7599,0.3%,0.4%,0.7%,3.9,,,,,,,,,
Eastern,Makueni,Makueni,2002,July,224,7566,60,630,12,324,296,8520,9,18,9,71,107,,8587,0.1%,0.2%,0.1%,3.5,,,,,,,,,
Eastern,Makueni,Makueni,2002,August,204,7218,42,583,6,201,252,8002,7,16,7,51,81,,8183,0.1%,0.2%,0.1%,3.1,,,,,,,,,
Eastern,Makueni,Makueni,2002,September,209,6891,65,825,10,246,284,7962,7,9,8,55,79,,7718,0.1%,0.1%,0.1%,3.6,,,,,,,,,
Eastern,Makueni,Makueni,2002,October,244,8500,42,625,22,332,308,9457,1,14,6,45,66,,9274,0.0%,0.2%,0.1%,3.3,,,,,,,,,
Eastern,Makueni,Makueni,2002,November,169,5544,37,495,10,104,216,6143,0,17,42,2,61,,7228,0.0%,0.2%,0.6%,3.5,,,,,,,,,
Eastern,Makueni,Makueni,2002,December,150,6253,54,514,7,148,211,6915,5,17,14,51,87,,7133,0.1%,0.2%,0.2%,3.1,,,,,,,,,
Eastern,Makueni,Makueni,2003,January,247,7682,61,830,6,210,314,8722,3,8,16,43,70,,,,,,3.6,,,,,,,,,
Eastern,Makueni,Makueni,2003,February,352,7042,85,738,12,342,449,8122,9,32,80,7,128,,,,,,5.5,,,,,,,,,
Eastern,Makueni,Makueni,2003,March,218,7549,79,701,11,226,308,8476,31,47,15,72,1090,,,,,,3.6,,,,,,,,,
Eastern,Makueni,Makueni,2003,April,263,6328,92,706,17,322,372,7356,14,29,100,3,146,,,,,,5.1,,,,,,,,,
Eastern,Makueni,Makueni,2003,May,205,6115,93,819,12,278,310,7212,12,20,21,79,1111,,,,,,4.3,,,,,,,,,
Eastern,Makueni,Makueni,2003,June,313,6753,104,910,33,272,450,7935,14,28,9,50,1218,,,,,,5.7,,,,,,,,,
Eastern,Makueni,Makueni,2003,July,348,9433,102,900,16,309,466,10642,28,34,10,79,1594,,,,,,4.4,,,,,,,,,
Eastern,Makueni,Makueni,2003,August,233,7010,89,892,13,186,335,8088,3,29,17,101,1051,,,,,,4.1,,,,,,,,,
Eastern,Makueni,Makueni,2003,September,317,7126,60,761,9,208,386,8095,6,11,2,32,1201,,,,,,4.8,,,,,,,,,
Eastern,Makueni,Makueni,2003,October,215,6975,59,792,19,219,293,7986,20,26,25,100,1240,,,,,,3.7,,,,,,,,,
Eastern,Makueni,Makueni,2003,November,181,6145,62,646,6,215,249,7006,8,17,6,32,912,,,,,,3.6,,,,,,,,,
Eastern,Makueni,Makueni,2003,December,261,6779,91,748,17,207,369,7734,25,65,14,32,1029,,,,,,4.8,,,,,,,,,
Eastern,Makueni,Makueni,2004,January,279,8260,77,734,18,197,374,9191,13,28,5,94,140,1336,9520,0.1%,0.3%,0.1%,4.1,,,,,,,,,
Eastern,Makueni,Makueni,2004,February,235,6600,68,505,19,126,322,7231,12,72,45,10,139,988,7510,0.2%,1.0%,0.6%,4.5,,,,,,,,,
Eastern,Makueni,Makueni,2004,March,272,7580,80,925,19,310,371,8815,10,42,4,46,102,1408,9113,0.1%,0.5%,0.0%,4.2,,,,,,,,,
Eastern,Makueni,Makueni,2004,April,317,7409,105,734,25,155,447,8298,8,34,55,7,104,1123,8218,0.1%,0.4%,0.7%,5.4,,,,,,,,,
Eastern,Makueni,Makueni,2004,May,288,7321,110,698,24,227,422,8246,5,39,5,56,105,1178,8546,0.1%,0.5%,0.1%,5.1,,,,,,,,,
Eastern,Makueni,Makueni,2004,June,297,7832,119,894,32,431,448,9157,5,32,4,62,108,1220,9111,0.1%,0.4%,0.0%,4.9,,,,,,,,,
Eastern,Makueni,Makueni,2004,July,489,7519,107,830,39,247,635,8596,16,31,95,7,149,1153,8744,0.2%,0.4%,1.1%,7.4,,,,,,,,,
Eastern,Makueni,Makueni,2004,August,264,7733,137,1205,41,349,442,9287,6,18,61,21,106,1134,9414,0.1%,0.2%,0.6%,4.8,,,,,,,,,
Eastern,Makueni,Makueni,2004,September,463,7264,140,753,34,200,637,8217,6,18,46,4,74,1292,8907,0.1%,0.2%,0.5%,7.8,,,,,,,,,
Eastern,Makueni,Makueni,2004,October,194,6545,71,602,13,118,278,7265,6,20,4,43,73,1068,6943,0.1%,0.3%,0.1%,3.8,,,,,,,,,
Eastern,Makueni,Makueni,2004,November,402,8035,103,746,14,202,519,8983,8,26,19,83,136,1311,9324,0.1%,0.3%,0.2%,5.8,,,,,,,,,
Eastern,Makueni,Makueni,2004,December,268,9811,118,1033,19,350,405,11194,13,21,12,79,125,1281,10311,0.1%,0.2%,0.1%,3.6,,,,,,,,,
Eastern,Makueni,Makueni,2004,January,126,2465,75,277,58,148,259,2890,2,3,35,9,49,632,2690,0.1%,0.1%,1.3%,9.0,,,,,,,,,
Eastern,Makueni,Makueni,2004,February,183,3330,96,382,33,109,312,3821,3,2,11,35,51,955,3772,0.1%,0.1%,0.3%,8.2,,,,,,,,,
Eastern,Makueni,Makueni,2004,June,57,1909,40,128,24,70,121,2107,0,1,2,12,15,623,2379,0.0%,0.0%,0.1%,5.7,,,,,,,,,
Eastern,Makueni,Makueni,2004,July,112,1669,34,213,23,109,169,1991,2,3,20,22,47,428,2145,0.1%,0.1%,0.9%,8.5,,,,,,,,,
Eastern,Makueni,Makueni,2004,October,151,2312,47,188,22,98,220,2598,2,7,3,15,27,400,1558,0.1%,0.4%,0.2%,8.5,,,,,,,,,
Eastern,Makueni,Makueni,2004,November,101,2388,48,168,38,133,187,2689,4,3,4,6,17,414,1812,0.2%,0.2%,0.2%,7.0,,,,,,,,,
Eastern,Makueni,Makueni,2004,December,214,1460,44,215,24,117,282,1792,4,3,17,10,34,349,1820,0.2%,0.2%,0.9%,15.7,,,,,,,,,
Eastern,Makueni,Makueni,2005,January,276,8763,134,1206,37,440,447,10409,14,35,19,100,168,1872,11690,0.1%,0.3%,0.2%,4.3,,,,,,,,,
Eastern,Makueni,Makueni,2005,February,219,8078,230,1338,40,516,489,9932,20,34,9,38,101,1274,10738,0.2%,0.3%,0.1%,4.9,,,,,,,,,
Eastern,Makueni,Makueni,2005,March,319,9742,210,1497,55,537,584,11776,27,23,16,109,175,1636,12446,0.2%,0.2%,0.1%,5.0,,,,,,,,,
Eastern,Makueni,Makueni,2005,April,304,9489,156,1295,38,534,498,11318,23,34,15,98,170,1491,11783,0.2%,0.3%,0.1%,4.4,,,,,,,,,
Eastern,Makueni,Makueni,2005,May,643,10719,189,1398,52,547,884,12664,23,56,147,11,237,1689,13253,0.2%,0.4%,1.1%,7.0,,,,,,,,,
Eastern,Makueni,Makueni,2005,June,1312,8154,136,1181,46,691,1494,10026,22,25,19,92,158,1293,10457,0.2%,0.2%,0.2%,14.9,,,,,,,,,
Eastern,Makueni,Makueni,2005,July,589,8919,201,1413,47,535,837,10867,16,23,9,58,106,1225,11806,0.1%,0.2%,0.1%,7.7,,,,,,,,,
Eastern,Makueni,Makueni,2005,August,537,8673,127,1217,63,594,727,10484,26,35,31,110,202,1085,10710,0.2%,0.3%,0.3%,6.9,,,,,,,,,
Eastern,Makueni,Makueni,2005,September,409,10117,226,1749,220,909,855,12775,79,51,14,243,387,1236,12958,0.6%,0.4%,0.1%,6.7,,,,,,,,,
Eastern,Makueni,Makueni,2005,October,291,9493,132,1226,63,418,486,11137,21,28,15,160,224,1448,11108,0.2%,0.3%,0.1%,4.4,,,,,,,,,
Eastern,Makueni,Makueni,2005,November,215,8126,90,983,19,347,324,9456,13,10,5,78,106,1180,9207,0.1%,0.1%,0.1%,3.4,,,,,,,,,
Eastern,Makueni,Makueni,2005,December,318,9584,107,1546,24,424,449,11554,22,37,7,79,145,1637,12000,0.2%,0.3%,0.1%,3.9,,,,,,,,,
Eastern,Makueni,Makueni,2006,January,677,10908,213,1654,71,556,961,13118,113,60,30,153,356,1535,12964,0.9%,0.5%,0.2%,7.3,55,,,,,,,,
Eastern,Makueni,Makueni,2006,February,400,10802,1058,1945,140,901,1598,13648,24,46,7,185,262,1412,13319,0.2%,0.3%,0.1%,11.7,54,,,,,,,,
Eastern,Makueni,Makueni,2006,March,569,12554,383,2080,168,1263,1120,15897,36,76,28,254,394,1972,15164,0.2%,0.5%,0.2%,7.0,60,,70.60%,,,,,,
Eastern,Makueni,Makueni,2006,April,402,10438,265,1788,146,814,813,13040,25,43,38,201,307,1169,10902,0.2%,0.4%,0.3%,6.2,55,,64.70%,,,,,,
Eastern,Makueni,Makueni,2006,May,542,12191,351,2176,126,918,1019,15285,21,33,16,199,269,1697,15031,0.1%,0.2%,0.1%,6.7,59,,78.70%,,,,,,
Eastern,Makueni,Makueni,2006,September,647,15446,914,5543,581,2934,2142,23923,43,62,33,274,412,2508,23923,0.2%,0.3%,0.1%,9.0,,,,,,,,,
Eastern,Makueni,Makueni,2006,October,721,13933,409,2731,165,1577,1295,18241,26,49,99,283,457,2346,17305,0.2%,0.3%,0.6%,7.1,,,,,,,,,
Eastern,Makueni,Makueni,2006,November,619,14480,573,3210,151,1209,1343,18899,16,26,14,201,257,2270,19230,0.1%,0.1%,0.1%,7.1,,,,,,,,,
Eastern,Makueni,Makueni,2006,December,534,14760,346,3034,144,1518,1024,19312,10,35,27,169,241,1810,19312,0.1%,0.2%,0.1%,5.3,,,,,,,,,
Eastern,Makueni,Makueni,2006,June,763,13068,580,2250,222,1007,1565,16325,25,141,36,200,402,1759,16325,0.2%,0.9%,0.2%,9.6,,,,,,,,,
Eastern,Makueni,Makueni,2006,July,642,12979,563,2764,172,927,1377,16670,75,134,33,246,488,1803,16670,0.4%,0.8%,0.2%,8.3,,,,,,,,,
Eastern,Makueni,Makueni,2006,August,664,14585,463,2715,221,1051,1348,18351,43,77,25,285,430,2242,18351,0.2%,0.4%,0.1%,7.3,,,,,,,,,
Eastern,Makueni,Makueni,2007,February,0,17488,0,4360,0,2481,0,24329,0,0,0,0,0,,24329,0.0%,0.0%,0.0%,0.0,,,,,,,,,
Eastern,Makueni,Makueni,2007,March,589,18168,364,4117,142,2631,1095,24916,38,76,47,173,334,3014,24916,0.2%,0.3%,0.2%,4.4,,,,,,,,,
Eastern,Makueni,Makueni,2007,May,770,18816,516,5234,241,3133,1527,27183,60,80,39,234,413,2617,25953,0.2%,0.3%,0.2%,5.6,,,,,,,,,
Eastern,Makueni,Makueni,2007,April,587,17791,340,3871,118,1911,1045,23573,36,49,25,212,322,2335,23573,0.2%,0.2%,0.1%,4.4,,,,,,,,,
Eastern,Makueni,Makueni,2007,March,589,18163,384,4117,142,2631,1115,24911,38,76,47,167,328,3014,24916,0.2%,0.3%,0.2%,4.5,,,,,,,,,
Eastern,Makueni,Makueni,2007,February,660,17643,511,4447,288,2563,1459,24653,432,38,51,168,689,2697,24653,1.8%,0.2%,0.2%,5.9,,,,,,,,,
Eastern,Makueni,Makueni,2007,January,831,16087,496,3434,147,1578,1474,21099,25,29,27,406,487,2593,21099,0.1%,0.1%,0.1%,7.0,,,,,,,,,
Rift Valley,Samburu,Samburu,2002,January,90,1547,63,415,83,319,236,2281,33,27,7,37,104,,2053,1.6%,1.3%,0.3%,10.3,,,,,,,,,
Rift Valley,Samburu,Samburu,2002,February,105,1775,67,547,87,627,259,2949,44,30,9,55,138,,2150,2.0%,1.4%,0.4%,8.8,,,,,,,,,
Rift Valley,Samburu,Samburu,2002,March,128,2062,53,402,81,482,262,2946,38,48,12,64,162,,2847,1.3%,1.7%,0.4%,8.9,,,,,,,,,
Rift Valley,Samburu,Samburu,2002,April,145,1840,100,641,136,698,381,3179,17,17,26,88,148,,3197,0.5%,0.5%,0.8%,12.0,,,,,,,,,
Rift Valley,Samburu,Samburu,2002,May,193,1830,96,512,90,508,379,2850,88,27,120,88,323,,2401,3.7%,1.1%,5.0%,13.3,,,,,,,,,
Rift Valley,Samburu,Samburu,2002,June,66,1609,44,563,74,1062,184,3234,27,18,13,36,94,,2997,0.9%,0.6%,0.4%,5.7,,,,,,,,,
Rift Valley,Samburu,Samburu,2002,July,125,1832,54,264,103,453,282,2549,37,48,48,37,170,,2469,1.5%,1.9%,1.9%,11.1,,,,,,,,,
Rift Valley,Samburu,Samburu,2002,August,101,1954,56,211,57,192,214,2357,30,21,21,56,128,,2195,1.4%,1.0%,1.0%,9.1,,,,,,,,,
Rift Valley,Samburu,Samburu,2002,September,102,1662,61,205,30,107,193,1974,25,13,15,94,147,,1786,1.4%,0.7%,0.8%,9.8,,,,,,,,,
Rift Valley,Samburu,Samburu,2002,October,95,1907,22,229,34,128,151,2264,23,14,15,64,116,,2305,1.0%,0.6%,0.7%,6.7,,,,,,,,,
Rift Valley,Samburu,Samburu,2002,November,10,1340,42,200,91,343,143,1883,26,36,30,62,154,,1760,1.5%,2.0%,1.7%,7.6,,,,,,,,,
Rift Valley,Samburu,Samburu,2002,December,78,1914,67,202,56,147,201,2263,48,39,23,101,211,,2174,2.2%,1.8%,1.1%,8.9,,,,,,,,,
Rift Valley,Samburu,Samburu,2003,January,162,1609,50,174,18,76,230,1859,39,26,22,41,128,,,,,,12.4,,,,,,,,,
Rift Valley,Samburu,Samburu,2003,February,103,1682,44,157,41,280,188,2119,16,42,25,57,140,,,,,,8.9,,,,,,,,,
Rift Valley,Samburu,Samburu,2003,March,112,2227,60,313,93,268,265,2808,40,31,28,57,156,,,,,,9.4,,,,,,,,,
Rift Valley,Samburu,Samburu,2003,April,79,1706,48,303,32,97,159,2106,37,28,17,102,184,,,,,,7.5,,,,,,,,,
Rift Valley,Samburu,Samburu,2003,May,93,1746,41,169,11,75,145,1990,18,14,21,78,131,,,,,,7.3,,,,,,,,,
Rift Valley,Samburu,Samburu,2003,June,173,2085,38,195,29,77,240,2357,19,45,31,98,193,,,,,,10.2,,,,,,,,,
Rift Valley,Samburu,Samburu,2003,July,37,529,3,16,0,3,40,548,2,8,5,15,30,,,,,,7.3,,,,,,,,,
Rift Valley,Samburu,Samburu,2003,August,82,1752,22,131,9,102,113,1985,7,24,29,39,99,,,,,,5.7,,,,,,,,,
Rift Valley,Samburu,Samburu,2003,September,91,1846,23,148,7,68,121,2062,15,24,23,30,92,,,,,,5.9,,,,,,,,,
Rift Valley,Samburu,Samburu,2003,October,83,1333,8,58,4,402,95,1793,11,13,9,14,47,,,,,,5.3,,,,,,,,,
Rift Valley,Samburu,Samburu,2003,November,47,908,23,88,2,121,72,1117,9,12,15,21,57,,,,,,6.4,,,,,,,,,
Rift Valley,Samburu,Samburu,2003,December,46,1259,55,156,8,115,109,1530,5,6,24,38,73,,,,,,7.1,,,,,,,,,
Rift Valley,Samburu,Samburu,2004,January,57,1590,28,226,2,5,87,1821,11,2,17,31,61,297,1821,0.6%,0.1%,0.9%,4.8,,,,,,,,,
Rift Valley,Samburu,Samburu,2004,February,137,2953,70,373,43,496,250,3822,16,61,40,84,201,660,3877,0.4%,1.6%,1.0%,6.5,,,,,,,,,
Rift Valley,Samburu,Samburu,2004,March,52,1868,21,114,6,84,79,2066,6,14,17,22,59,441,2126,0.3%,0.7%,0.8%,3.8,,,,,,,,,
Rift Valley,Samburu,Samburu,2004,April,72,1888,27,137,15,59,114,2084,5,13,17,55,90,467,2195,0.2%,0.6%,0.8%,5.5,,,,,,,,,
Rift Valley,Samburu,Samburu,2004,May,63,1853,20,111,2,31,85,1995,5,13,11,30,59,367,2098,0.2%,0.6%,0.5%,4.3,,,,,,,,,
Rift Valley,Samburu,Samburu,2004,June,71,1829,48,117,82,31,201,1977,8,10,14,61,93,321,1981,0.4%,0.5%,0.7%,10.2,,,,,,,,,
Rift Valley,Samburu,Samburu,2004,July,53,1283,13,91,0,0,66,1374,5,5,19,10,39,287,1415,0.4%,0.4%,1.3%,4.8,,,,,,,,,
Rift Valley,Samburu,Samburu,2004,August,73,1721,9,35,0,1,82,1757,8,5,25,27,65,301,1844,0.4%,0.3%,1.4%,4.7,,,,,,,,,
Rift Valley,Samburu,Samburu,2004,September,81,1904,10,60,3,6,94,1970,14,4,37,34,89,416,1982,0.7%,0.2%,1.9%,4.8,,,,,,,,,
Rift Valley,Samburu,Samburu,2004,October,53,1821,12,68,3,4,68,1893,0,4,19,34,57,341,1933,0.0%,0.2%,1.0%,3.6,,,,,,,,,
Rift Valley,Samburu,Samburu,2004,November,59,1854,21,77,0,0,80,1931,2,2,22,16,42,350,1945,0.1%,0.1%,1.1%,4.1,,,,,,,,,
Rift Valley,Samburu,Samburu,2004,December,36,1618,5,78,0,0,41,1696,3,2,11,21,37,357,1599,0.2%,0.1%,0.7%,2.4,,,,,,,,,
Rift Valley,Samburu,Samburu,2005,January,87,1821,13,127,3,26,103,1974,6,8,15,16,45,392,2048,0.3%,0.4%,0.7%,5.2,,,,,,,,,
Rift Valley,Samburu,Samburu,2005,February,72,1846,9,89,12,119,93,2054,11,3,32,29,75,391,2052,0.5%,0.1%,1.6%,4.5,,,,,,,,,
Rift Valley,Samburu,Samburu,2005,March,74,2042,24,169,56,257,154,2468,2,5,11,31,49,399,2569,0.1%,0.2%,0.4%,6.2,,,,,,,,,
Rift Valley,Samburu,Samburu,2005,April,101,1890,30,138,34,79,165,2107,8,9,15,37,69,355,2174,0.4%,0.4%,0.7%,7.8,,,,,,,,,
Rift Valley,Samburu,Samburu,2005,May,129,1790,8,77,1,1,138,1868,0,4,11,24,39,282,2017,0.0%,0.2%,0.5%,7.4,,,,,,,,,
Rift Valley,Samburu,Samburu,2005,June,67,1879,8,83,5,14,80,1976,3,7,9,29,48,683,1980,0.2%,0.4%,0.5%,4.0,,,,,,,,,
Rift Valley,Samburu,Samburu,2005,July,102,1951,51,81,0,11,153,2043,3,3,11,31,48,401,2139,0.1%,0.1%,0.5%,7.5,,,,,,,,,
Rift Valley,Samburu,Samburu,2005,August,17,1299,4,38,1,1,22,1338,0,0,1,11,12,203,1332,0.0%,0.0%,0.1%,1.6,,,,,,,,,
Rift Valley,Samburu,Samburu,2005,September,79,1935,26,150,18,67,123,2152,6,20,22,47,95,442,2163,0.3%,0.9%,1.0%,5.7,,,,,,,,,
Rift Valley,Samburu,Samburu,2005,October,84,2298,34,135,33,66,151,2499,3,10,14,27,54,491,2498,0.1%,0.4%,0.6%,6.0,,,,,,,,,
Rift Valley,Samburu,Samburu,2005,November,66,1905,31,132,20,88,117,2125,2,12,15,15,44,397,2127,0.1%,0.6%,0.7%,5.5,,,,,,,,,
Rift Valley,Samburu,Samburu,2005,December,53,1775,42,119,41,91,136,1985,11,9,12,11,43,404,1989,0.6%,0.5%,0.6%,6.9,,,,,,,,,
Rift Valley,Samburu,Samburu,2006,January,107,1987,21,161,25,44,153,2192,4,15,25,34,78,451,2185,0.2%,0.7%,1.1%,7.0,,,,,,,,,
Rift Valley,Samburu,Samburu,2006,February,108,2256,23,61,10,29,141,2346,7,31,10,43,91,358,2353,0.3%,1.3%,0.4%,6.0,,,46.40%,,,,,,
Rift Valley,Samburu,Samburu,2006,March,121,2389,205,238,159,179,485,2806,10,21,20,34,85,451,2936,0.3%,0.7%,0.7%,17.3,,,50%,,,,,,
Rift Valley,Samburu,Samburu,2006,April,74,2053,40,187,73,119,187,2359,21,15,15,36,87,424,2353,0.9%,0.6%,0.6%,7.9,,,57.10%,,,,,,
Rift Valley,Samburu,Samburu,2006,May,109,2161,89,255,190,341,388,2757,10,11,21,24,66,887,2804,0.4%,0.4%,0.7%,14.1,,,42.80%,,,,,,
Rift Valley,Samburu,Samburu,2006,July,86,1919,49,133,59,191,194,2243,5,4,5,38,52,379,2247,0.2%,0.2%,0.2%,8.6,,,,,,,,,
Rift Valley,Samburu,Samburu,2006,August,97,2079,10,66,0,21,107,2166,0,1,14,37,52,493,2150,0.0%,0.0%,0.7%,4.9,,,,,,,,,
Rift Valley,Samburu,Samburu,2007,February,97,2079,43,253,75,223,215,2555,5,10,18,65,98,393,2555,0.2%,0.4%,0.7%,8.4,,,,14/05/07,,,,,
Rift Valley,Samburu,Samburu,2007,March,79,1951,31,98,4,5,114,2054,19,17,15,20,71,485,2054,0.9%,0.8%,0.7%,5.6,,,,14/05/07,,,,,
Rift Valley,Samburu,Samburu,2007,April,192,2349,137,427,262,537,591,3313,17,55,13,137,222,470,3313,0.5%,1.7%,0.4%,17.8,,,,,,,,,
Rift Valley,Samburu,Samburu,2007,May,115,2228,46,271,73,196,234,2695,10,5,19,14,48,534,2695,0.4%,0.2%,0.7%,8.7,,,,,,,,,
Rift Valley,Samburu,Samburu,2007,June,90,1483,37,457,12,372,139,2312,6,11,20,28,65,518,2312,0.3%,0.5%,0.9%,6.0,,,#VALUE!,,,,,,
Eastern,Tharaka Nthi,Tharaka,2002,January,0,84,1,33,0,0,1,117,0,0,0,0,0,,121,0.0%,0.0%,0.0%,0.9,,,,,,,,,
Eastern,Tharaka Nthi,Tharaka,2002,February,4,88,6,26,0,0,10,114,0,0,0,0,0,,119,0.0%,0.0%,0.0%,8.8,,,,,,,,,
Eastern,Tharaka Nthi,Tharaka,2002,March,2,94,4,34,0,0,6,128,0,0,0,0,0,,131,0.0%,0.0%,0.0%,4.7,,,,,,,,,
Eastern,Tharaka Nthi,Tharaka,2002,April,3,143,4,40,0,0,7,183,0,0,0,0,0,,190,0.0%,0.0%,0.0%,3.8,,,,,,,,,
Eastern,Tharaka Nthi,Tharaka,2002,May,4,164,8,48,0,0,12,212,0,0,0,0,0,,215,0.0%,0.0%,0.0%,5.7,,,,,,,,,
Eastern,Tharaka Nthi,Tharaka,2002,June,3,75,5,22,0,0,8,97,0,0,0,3,3,,97,0.0%,0.0%,0.0%,8.2,,,,,,,,,
Eastern,Tharaka Nthi,Tharaka,2002,July,2,74,1,25,0,0,3,99,0,0,1,2,3,,99,0.0%,0.0%,1.0%,3.0,,,,,,,,,
Eastern,Tharaka Nthi,Tharaka,2002,August,5,182,7,63,0,0,12,245,0,0,0,3,3,,249,0.0%,0.0%,0.0%,4.9,,,,,,,,,
Eastern,Tharaka Nthi,Tharaka,2002,September,3,183,7,27,0,0,10,210,0,0,0,2,2,,208,0.0%,0.0%,0.0%,4.8,,,,,,,,,
Eastern,Tharaka Nthi,Tharaka,2002,October,5,207,16,60,0,0,21,267,0,0,1,3,4,,267,0.0%,0.0%,0.4%,7.9,,,,,,,,,
Eastern,Tharaka Nthi,Tharaka,2002,November,2,182,7,35,0,0,9,217,0,0,2,3,5,,229,0.0%,0.0%,0.9%,4.1,,,,,,,,,
Eastern,Tharaka Nthi,Tharaka,2002,December,2,182,7,35,0,0,9,217,0,0,2,0,2,,229,0.0%,0.0%,0.9%,4.1,,,,,,,,,
Eastern,Tharaka Nthi,Tharaka,2003,January,5,225,11,54,0,0,16,279,0,0,3,3,6,,,,,,5.7,,,,,,,,,
Eastern,Tharaka Nthi,Tharaka,2003,February,3,208,6,42,0,0,9,250,0,0,1,4,5,,,,,,3.6,,,,,,,,,
Eastern,Tharaka Nthi,Tharaka,2003,March,1,176,3,46,0,0,4,222,0,0,2,2,4,,,,,,1.8,,,,,,,,,
Eastern,Tharaka Nthi,Tharaka,2003,April,2,231,5,38,0,0,7,269,0,0,0,1,1,,,,,,2.6,,,,,,,,,
Eastern,Tharaka Nthi,Tharaka,2003,May,1,176,5,41,0,0,6,217,0,0,0,1,1,,,,,,2.8,,,,,,,,,
Eastern,Tharaka Nthi,Tharaka,2003,June,0,260,6,49,0,0,6,309,0,0,0,0,0,,,,,,1.9,,,,,,,,,
Eastern,Tharaka Nthi,Tharaka,2003,July,3,219,4,49,0,0,7,268,0,0,0,1,1,,,,,,2.6,,,,,,,,,
Eastern,Tharaka Nthi,Tharaka,2003,August,3,179,3,35,0,0,6,214,0,0,0,0,0,,,,,,2.8,,,,,,,,,
Eastern,Tharaka Nthi,Tharaka,2003,September,3,263,5,47,0,0,8,310,0,0,3,2,5,,,,,,2.6,,,,,,,,,
Eastern,Tharaka Nthi,Tharaka,2003,October,2,167,18,63,0,0,20,230,0,0,0,2,2,,,,,,8.7,,,,,,,,,
Eastern,Tharaka Nthi,Tharaka,2003,November,2,136,5,41,0,0,7,177,0,0,2,1,3,,,,,,4.0,,,,,,,,,
Eastern,Tharaka Nthi,Tharaka,2003,December,3,141,2,15,0,0,5,156,0,0,3,3,6,,,,,,3.2,,,,,,,,,
Eastern,Tharaka Nthi,Tharaka,2004,January,0,128,5,35,0,0,5,163,0,0,1,1,2,58,175,0.0%,0.0%,0.6%,3.1,,,,,,,,,
Eastern,Tharaka Nthi,Tharaka,2004,February,0,162,2,38,0,0,2,200,0,0,0,0,0,50,215,0.0%,0.0%,0.0%,1.0,,,,,,,,,
Eastern,Tharaka Nthi,Tharaka,2004,March,0,192,2,30,0,0,2,222,0,0,0,0,0,60,231,0.0%,0.0%,0.0%,0.9,,,,,,,,,
Eastern,Tharaka Nthi,Tharaka,2004,April,0,162,0,35,0,0,0,197,0,0,0,0,0,56,210,0.0%,0.0%,0.0%,0.0,,,,,,,,,
Eastern,Tharaka Nthi,Tharaka,2004,May,12,335,10,70,5,6,27,411,0,0,0,1,1,77,467,0.0%,0.0%,0.0%,6.6,,,,,,,,,
Eastern,Tharaka Nthi,Tharaka,2004,June,7,284,7,67,0,15,14,366,0,0,0,0,0,91,395,0.0%,0.0%,0.0%,3.8,,,,,,,,,
Eastern,Tharaka Nthi,Tharaka,2004,July,6,380,12,78,3,29,21,487,0,0,0,1,1,138,554,0.0%,0.0%,0.0%,4.3,,,,,,,,,
Eastern,Tharaka Nthi,Tharaka,2004,August,4,406,11,70,2,19,17,495,0,1,0,1,2,141,407,0.0%,0.2%,0.0%,3.4,,,,,,,,,
Eastern,Tharaka Nthi,Tharaka,2004,September,10,391,14,71,2,10,26,472,0,0,2,3,5,127,506,0.0%,0.0%,0.4%,5.5,,,,,,,,,
Eastern,Tharaka Nthi,Tharaka,2004,October,19,423,12,55,2,7,33,485,0,0,4,5,9,120,540,0.0%,0.0%,0.7%,6.8,,,,,,,,,
Eastern,Tharaka Nthi,Tharaka,2004,November,15,293,10,58,3,11,28,362,0,0,8,8,16,76,401,0.0%,0.0%,2.0%,7.7,,,,,,,,,
Eastern,Tharaka Nthi,Tharaka,2004,December,15,433,11,56,1,10,27,499,0,0,5,4,9,90,526,0.0%,0.0%,1.0%,5.4,,,,,,,,,
Eastern,Tharaka Nthi,Tharaka,2005,January,12,368,11,58,5,26,28,452,0,0,6,5,11,129,477,0.0%,0.0%,1.3%,6.2,,,,,,,,,
Eastern,Tharaka Nthi,Tharaka,2005,February,12,264,13,53,0,27,25,344,0,0,3,4,7,85,331,0.0%,0.0%,0.9%,7.3,,,,,,,,,
Eastern,Tharaka Nthi,Tharaka,2005,March,9,378,8,45,6,22,23,445,0,6,3,4,13,123,460,0.0%,1.3%,0.7%,5.2,,,,,,,,,
Eastern,Tharaka Nthi,Tharaka,2005,April,21,523,9,74,0,4,30,601,0,0,0,2,2,143,629,0.0%,0.0%,0.0%,5.0,,,,,,,,,
Eastern,Tharaka Nthi,Tharaka,2005,May,18,483,6,90,0,24,24,597,0,0,4,8,12,103,654,0.0%,0.0%,0.6%,4.0,,,,,,,,,
Eastern,Tharaka Nthi,Tharaka,2005,June,17,458,9,94,4,16,30,568,0,0,5,2,7,112,590,0.0%,0.0%,0.8%,5.3,,,,,,,,,
Eastern,Tharaka Nthi,Tharaka,2005,July,57,1080,25,5943,10,98,92,7121,2,1,3,2,8,401,1250,0.2%,0.1%,0.2%,1.3,,,,,,,,,
Eastern,Tharaka Nthi,Tharaka,2005,August,46,965,29,156,7,25,82,1146,2,1,4,7,14,245,1105,0.2%,0.1%,0.4%,7.2,,,,,,,,,
Eastern,Tharaka Nthi,Tharaka,2005,September,43,845,24,130,7,25,74,1000,1,1,8,11,21,276,1168,0.1%,0.1%,0.7%,7.4,,,,,,,,,
Eastern,Tharaka Nthi,Tharaka,2005,October,44,889,16,92,8,23,68,1004,2,4,0,2,8,224,951,0.2%,0.4%,0.0%,6.8,,,,,,,,,
Eastern,Tharaka Nthi,Tharaka,2005,November,41,764,11,111,1,15,53,890,0,1,3,3,7,147,874,0.0%,0.1%,0.3%,6.0,,,,,,,,,
Eastern,Tharaka Nthi,Tharaka,2005,December,65,1112,31,108,1,9,97,1229,1,5,2,7,15,275,902,0.1%,0.6%,0.2%,7.9,,,,,,,,,
Eastern,Tharaka Nthi,Tharaka,2006,February,83,1395,36,249,8,34,127,1678,0,3,3,4,10,298,1233,0.0%,0.2%,0.2%,7.6,,11,,,,,,,
Eastern,Tharaka Nthi,Tharaka,2006,March,128,2109,57,240,8,55,193,2404,0,0,4,7,11,430,2283,0.0%,0.0%,0.2%,8.0,,11,,,,,,,
Eastern,Tharaka Nthi,Tharaka,2006,April,33,1633,16,167,3,48,52,1848,0,0,4,6,10,331,1848,0.0%,0.0%,0.2%,2.8,10,11,90.90%,,,,,,
Eastern,Tharaka Nthi,Tharaka,2006,May,71,2005,42,212,6,72,119,2289,0,2,4,14,20,378,2290,0.0%,0.1%,0.2%,5.2,10,11,90.90%,,,,,,
Eastern,Tharaka Nthi,Tharaka,2006,June,103,1711,27,179,7,41,137,1931,0,6,12,12,30,483,1936,0.0%,0.3%,0.6%,7.1,9,11,81.80%,,,,,,
Eastern,Tharaka Nthi,Tharaka,2006,July,55,1791,18,179,8,70,81,2040,0,0,8,12,20,315,2040,0.0%,0.0%,0.4%,4.0,9,11,82.00%,,,,,,
Eastern,Tharaka Nthi,Tharaka,2006,August,45,1936,14,193,12,90,71,2219,0,0,0,1,1,382,2219,0.0%,0.0%,0.0%,3.2,10,11,91.00%,,,,,,
Eastern,Tharaka Nthi,Tharaka,2006,September,62,1557,19,192,5,43,86,1792,0,0,0,3,3,314,1792,0.0%,0.0%,0.0%,4.8,9,11,82.00%,,,,,,
Eastern,Tharaka Nthi,Tharaka,2006,October,72,1605,26,244,10,72,108,1921,0,1,9,14,24,377,1921,0.0%,0.1%,0.5%,5.6,10,12,83.00%,,,,,,
Eastern,Tharaka Nthi,Tharaka,2006,January,62,1036,51,188,6,31,119,1255,0,2,1,5,8,260,1783,0.0%,0.1%,0.1%,9.5,,11,,,,,,,
Rift Valley,Turkana,Turkana,2002,January,247,3557,284,985,127,591,658,5133,32,74,27,64,197,,6049,0.5%,1.2%,0.4%,12.8,,,,,,,,,
Rift Valley,Turkana,Turkana,2002,February,343,3578,254,1198,115,550,712,5326,6,78,11,25,120,,6288,0.1%,1.2%,0.2%,13.4,,,,,,,,,
Rift Valley,Turkana,Turkana,2002,March,314,3832,497,1421,195,759,1006,6012,6,64,11,28,109,,5969,0.1%,1.1%,0.2%,16.7,,,,,,,,,
Rift Valley,Turkana,Turkana,2002,April,255,3005,243,929,89,363,587,4297,10,63,16,38,127,,4465,0.2%,1.4%,0.4%,13.7,,,,,,,,,
Rift Valley,Turkana,Turkana,2002,May,125,956,19,196,11,79,155,1231,2,9,7,2,20,,1734,0.1%,0.5%,0.4%,12.6,,,,,,,,,
Rift Valley,Turkana,Turkana,2002,June,331,2241,223,679,102,338,656,3258,19,49,36,40,144,,3818,0.5%,1.3%,0.9%,20.1,,,,,,,,,
Rift Valley,Turkana,Turkana,2002,July,253,523,336,1541,105,744,694,2808,39,142,11,66,258,,3715,1.0%,3.8%,0.3%,24.7,,,,,,,,,
Rift Valley,Turkana,Turkana,2002,August,296,1566,263,1061,152,547,711,3174,36,57,17,53,163,,4170,0.9%,1.4%,0.4%,22.4,,,,,,,,,
Rift Valley,Turkana,Turkana,2002,September,581,3666,386,1407,153,794,1120,5867,77,334,106,90,607,,6376,1.2%,5.2%,1.7%,19.1,,,,,,,,,
Rift Valley,Turkana,Turkana,2002,October,329,4034,361,1393,163,454,853,5881,77,148,78,52,355,,6086,1.3%,2.4%,1.3%,14.5,,,,,,,,,
Rift Valley,Turkana,Turkana,2002,November,325,2839,372,1366,162,565,859,4770,4,116,3,56,179,,4880,0.1%,2.4%,0.1%,18.0,,,,,,,,,
Rift Valley,Turkana,Turkana,2002,December,379,3259,527,1469,287,757,1193,5485,211,165,10,69,455,,5944,3.5%,2.8%,0.2%,21.8,,,,,,,,,
Rift Valley,Turkana,Turkana,2003,January,426,3498,603,2191,332,914,1361,6603,130,145,143,192,610,,,,,,20.6,,,,,,,,,
Rift Valley,Turkana,Turkana,2003,February,119,2416,342,1727,184,597,645,4740,5,17,7,53,82,,,,,,13.6,,,,,,,,,
Rift Valley,Turkana,Turkana,2003,March,340,3721,823,2743,581,1455,1744,7919,5,32,1,63,101,,,,,,22.0,,,,,,,,,
Rift Valley,Turkana,Turkana,2003,April,369,3186,562,1812,305,1040,1236,6038,10,53,1,29,93,,,,,,20.5,,,,,,,,,
Rift Valley,Turkana,Turkana,2003,May,232,2135,335,1190,222,546,789,3871,30,42,1,41,420,,,,,,20.4,,,,,,,,,
Rift Valley,Turkana,Turkana,2003,June,302,2649,306,1465,256,667,864,4781,89,59,71,52,271,,,,,,18.1,,,,,,,,,
Rift Valley,Turkana,Turkana,2003,July,458,2806,581,1789,307,701,1346,5296,7,37,42,88,174,,,,,,25.4,,,,,,,,,
Rift Valley,Turkana,Turkana,2003,August,371,2622,492,1425,301,763,1164,4810,59,62,51,115,287,,,,,,24.2,,,,,,,,,
Rift Valley,Turkana,Turkana,2003,September,184,2557,334,1127,189,508,707,4192,0,18,62,63,143,,,,,,16.9,,,,,,,,,
Rift Valley,Turkana,Turkana,2003,October,262,2822,496,1704,219,639,977,5165,42,154,79,247,623,,,,,,18.9,,,,,,,,,
Rift Valley,Turkana,Turkana,2003,November,204,2631,355,1449,168,499,727,4579,7,32,9,14,62,,,,,,15.9,,,,,,,,,
Rift Valley,Turkana,Turkana,2003,December,191,2194,275,957,71,261,537,3412,12,27,12,46,97,,,,,,15.7,,,,,,,,,
Rift Valley,Turkana,Turkana,2004,January,376,2321,246,936,71,289,693,3546,0,6,7,13,26,489,3546,0.0%,0.2%,0.2%,19.5,,,,,,,,,
Rift Valley,Turkana,Turkana,2004,February,198,2386,383,1257,221,704,802,4347,12,37,25,52,126,539,4354,0.3%,0.8%,0.6%,18.4,,,,,,,,,
Rift Valley,Turkana,Turkana,2004,March,274,2568,331,927,114,392,719,3887,88,118,36,68,310,514,2923,3.0%,4.0%,1.2%,18.5,,,,,,,,,
Rift Valley,Turkana,Turkana,2004,April,453,3061,680,545,426,1178,1559,4784,223,152,115,416,906,529,4829,4.6%,3.1%,2.4%,32.6,,,,,,,,,
Rift Valley,Turkana,Turkana,2004,May,516,2277,620,1687,393,872,1529,4836,156,318,88,287,849,583,6076,2.6%,5.2%,1.4%,31.6,,,,,,,,,
Rift Valley,Turkana,Turkana,2004,June,140,2153,382,1085,201,431,723,3669,1,236,6,56,299,461,3685,0.0%,6.4%,0.2%,19.7,,,,,,,,,
Rift Valley,Turkana,Turkana,2004,July,146,1094,199,477,82,271,427,1842,1,10,4,11,26,1992,1849,0.1%,0.5%,0.2%,23.2,,,,,,,,,
Rift Valley,Turkana,Turkana,2004,August,416,3592,647,1927,418,997,1481,6516,74,156,65,173,468,813,6331,1.2%,2.5%,1.0%,22.7,,,,,,,,,
Rift Valley,Turkana,Turkana,2004,September,459,3634,732,2828,482,1291,1673,7753,102,385,168,94,749,731,7424,1.4%,5.2%,2.3%,21.6,,,,,,,,,
Rift Valley,Turkana,Turkana,2004,October,776,4305,858,2353,797,1554,2431,8212,77,194,88,201,560,743,8711,0.9%,2.2%,1.0%,29.6,,,,,,,,,
Rift Valley,Turkana,Turkana,2004,November,483,3805,543,1691,477,1090,1503,6586,88,144,34,59,325,629,6645,1.3%,2.2%,0.5%,22.8,,,,,,,,,
Rift Valley,Turkana,Turkana,2004,December,608,3670,627,1851,563,1213,1798,6734,25,273,27,143,468,643,6736,0.4%,4.1%,0.4%,26.7,,,,,,,,,
Rift Valley,Turkana,Turkana,2005,January,467,3858,516,1795,301,766,1284,6419,7,31,6,42,86,615,6894,0.1%,0.4%,0.1%,20.0,,,,,,,,,
Rift Valley,Turkana,Turkana,2005,February,1227,4545,852,2599,715,1572,2794,8716,65,275,35,237,612,638,8026,0.8%,3.4%,0.4%,32.1,,,,,,,,,
Rift Valley,Turkana,Turkana,2005,March,585,3814,457,1769,364,1388,1406,6971,5,611,8,32,656,752,6973,0.1%,8.8%,0.1%,20.2,,,,,,,,,
Rift Valley,Turkana,Turkana,2005,April,278,2630,409,1407,143,479,830,4516,4,223,0,73,300,536,4624,0.1%,4.8%,0.0%,18.4,,,,,,,,,
Rift Valley,Turkana,Turkana,2005,May,668,3456,603,1440,347,695,1618,5591,5,44,24,46,119,884,5628,0.1%,0.8%,0.4%,28.9,,,,,,,,,
Rift Valley,Turkana,Turkana,2005,June,367,3168,402,1326,148,559,917,5053,33,106,28,59,226,669,5266,0.6%,2.0%,0.5%,18.1,,,,,,,,,
Rift Valley,Turkana,Turkana,2005,July,412,2581,288,1081,149,541,849,4203,4,81,13,100,198,515,4166,0.1%,1.9%,0.3%,20.2,,,,,,,,,
Rift Valley,Turkana,Turkana,2005,August,568,4948,491,1927,356,1154,1415,8029,11,186,9,58,264,2322,8043,0.1%,2.3%,0.1%,17.6,,,,,,,,,
Rift Valley,Turkana,Turkana,2005,September,308,2818,432,987,220,498,960,4303,9,67,13,70,159,592,4303,0.2%,1.6%,0.3%,22.3,,,,,,,,,
Rift Valley,Turkana,Turkana,2005,November,331,4142,471,1656,236,1166,1038,6964,6,56,18,74,154,758,7352,0.1%,0.8%,0.2%,14.9,,,,,,,,,
Rift Valley,Turkana,Turkana,2005,December,260,2822,401,1179,106,373,767,4374,321,264,159,223,967,427,4626,6.9%,5.7%,3.4%,17.5,,,,,,,,,
Rift Valley,Turkana,Turkana,2006,January,383,3394,255,1025,108,400,746,4819,4,21,4,14,43,808,4839,0.1%,0.4%,0.1%,15.5,,,,,,,,,
Rift Valley,Turkana,Turkana,2006,February,427,3974,619,1667,359,921,1405,6562,150,137,66,256,609,907,6750,2.2%,2.0%,1.0%,21.4,,,,,,,,,
Rift Valley,Turkana,Turkana,2006,March,979,4978,837,2336,703,1930,2519,9244,50,351,27,103,531,1218,9296,0.5%,3.8%,0.3%,27.3,,,,,,,,,
Rift Valley,Turkana,Turkana,2006,May,628,4338,503,2750,424,1281,1555,8369,16,115,23,58,212,713,5580,0.3%,2.1%,0.4%,18.6,,,,,,,,,
Rift Valley,Turkana,Turkana,2006,July,367,3702,603,1952,252,1042,1222,6696,42,93,74,115,324,709,6696,0.6%,1.4%,1.1%,18.2,,,,,,,,,
Rift Valley,Turkana,Turkana,2006,August,275,3620,573,2268,309,1367,1157,7255,11,173,25,133,342,802,7392,0.1%,2.3%,0.3%,15.9,,,,,,,,,
Rift Valley,Turkana,Turkana,2006,September,143,3165,351,1606,126,727,620,5498,3,107,189,80,379,831,9176,0.0%,1.2%,2.1%,11.3,,,,,,,,,
Rift Valley,Turkana,Turkana,2006,October,204,3580,422,1500,159,486,785,5566,27,18,14,50,109,739,5610,0.5%,0.3%,0.2%,14.1,,,,,,,,,
Rift Valley,Turkana,Turkana,2007,January,197,2416,393,1481,145,633,735,4530,13,81,21,19,134,647,4530,0.3%,1.8%,0.5%,16.2,,,,14/05/07,,,,,
Rift Valley,Turkana,Turkana,2007,February,318,3822,671,2502,241,857,1230,7181,5,9,7,43,64,772,7181,0.1%,0.1%,0.1%,17.1,,,,14/05/07,,,,,
Rift Valley,Turkana,Turkana,2007,March,241,3120,435,1861,171,910,847,5891,6,119,6,39,170,758,5891,0.1%,2.0%,0.1%,14.4,,,,14/05/07,,,,,
Rift Valley,Turkana,Turkana,2007,April,193,3243,359,925,101,1116,653,5284,1,31,1,18,51,616,5284,0.0%,0.6%,0.0%,12.4,,,,,,,,,
Rift Valley,Turkana,Turkana,2007,May,443,5056,838,2695,307,1010,1588,8761,5,160,13,150,328,989,8761,0.1%,1.8%,0.1%,18.1,,,,,,,,,
Rift Valley,Turkana,Turkana,2007,June,289,6333,844,2554,287,1265,1420,10152,9,17,12,60,98,1036,10152,0.1%,0.2%,0.1%,14.0,,,#VALUE!,,,,,,
Rift Valley,West Pokot,West Pokot,2002,January,53,2005,14,89,2,2,69,2096,5,4,8,19,36,,2208,0.2%,0.2%,0.4%,3.3,,,,,,,,,
Rift Valley,West Pokot,West Pokot,2002,February,83,2511,15,113,4,30,102,2654,5,11,11,32,59,,2901,0.2%,0.4%,0.4%,3.8,,,,,,,,,
Rift Valley,West Pokot,West Pokot,2002,March,59,1754,12,95,4,18,75,1867,3,9,24,27,63,,2023,0.1%,0.4%,1.2%,4.0,,,,,,,,,
Rift Valley,West Pokot,West Pokot,2002,April,69,1691,18,133,2,0,89,1824,14,11,23,51,99,,1963,0.7%,0.6%,1.2%,4.9,,,,,,,,,
Rift Valley,West Pokot,West Pokot,2002,May,113,2381,25,113,9,53,147,2547,5,13,23,56,97,,2672,0.2%,0.5%,0.9%,5.8,,,,,,,,,
Rift Valley,West Pokot,West Pokot,2002,June,47,2061,12,87,4,34,63,2182,5,11,10,17,43,,2434,0.2%,0.5%,0.4%,2.9,,,,,,,,,
Rift Valley,West Pokot,West Pokot,2002,July,54,1976,22,102,0,0,76,2078,3,10,20,28,61,,2244,0.1%,0.4%,0.9%,3.7,,,,,,,,,
Rift Valley,West Pokot,West Pokot,2002,August,67,2126,19,101,0,9,86,2236,6,0,41,25,72,,2539,0.2%,0.0%,1.6%,3.8,,,,,,,,,
Rift Valley,West Pokot,West Pokot,2002,September,58,2320,10,123,0,8,68,2451,2,6,26,26,60,,2657,0.1%,0.2%,1.0%,2.8,,,,,,,,,
Rift Valley,West Pokot,West Pokot,2002,October,51,1961,6,161,47,47,104,2169,3,3,17,33,56,,2361,0.1%,0.1%,0.7%,4.8,,,,,,,,,
Rift Valley,West Pokot,West Pokot,2002,November,30,787,16,73,24,24,70,884,0,0,3,17,20,,883,0.0%,0.0%,0.3%,7.9,,,,,,,,,
Rift Valley,West Pokot,West Pokot,2002,December,45,1141,8,117,16,16,69,1274,4,10,19,36,69,,1274,0.3%,0.8%,1.5%,5.4,,,,,,,,,
Rift Valley,West Pokot,West Pokot,2003,January,51,1763,17,84,4,20,72,1867,2,7,6,13,28,,,,,,3.9,,,,,,,,,
Rift Valley,West Pokot,West Pokot,2003,February,58,2137,34,126,7,17,99,2280,13,4,20,14,51,,,,,,4.3,,,,,,,,,
Rift Valley,West Pokot,West Pokot,2003,March,70,1878,4,386,3,349,77,2613,8,4,13,9,34,,,,,,2.9,,,,,,,,,
Rift Valley,West Pokot,West Pokot,2003,April,118,2364,45,148,1,29,164,2541,5,8,3,15,31,,,,,,6.5,,,,,,,,,
Rift Valley,West Pokot,West Pokot,2003,May,70,890,9,24,6,31,85,945,3,3,5,206,217,,,,,,9.0,,,,,,,,,
Rift Valley,West Pokot,West Pokot,2003,June,78,2135,15,162,6,68,99,2365,6,16,12,16,50,,,,,,4.2,,,,,,,,,
Rift Valley,West Pokot,West Pokot,2003,July,131,2906,27,222,4,128,162,3256,18,13,16,24,71,,,,,,5.0,,,,,,,,,
Rift Valley,West Pokot,West Pokot,2003,August,61,2497,27,221,7,83,95,2801,5,1,33,10,49,,,,,,3.4,,,,,,,,,
Rift Valley,West Pokot,West Pokot,2003,September,184,2557,334,1127,189,508,707,4192,0,18,62,63,143,,,,,,16.9,,,,,,,,,
Rift Valley,West Pokot,West Pokot,2003,October,50,1986,17,229,9,85,76,2300,9,5,24,4,42,,,,,,3.3,,,,,,,,,
Rift Valley,West Pokot,West Pokot,2003,November,54,1391,27,155,6,61,87,1607,1,7,5,4,17,,,,,,5.4,,,,,,,,,
Rift Valley,West Pokot,West Pokot,2003,December,65,1475,38,165,3,97,106,1737,2,6,6,9,23,,,,,,6.1,,,,,,,,,
Rift Valley,West Pokot,West Pokot,2004,January,76,160,2,83,18,14,96,257,15,0,9,0,24,41,167,9.0%,0.0%,5.4%,37.4,,,,,,,,,
Rift Valley,West Pokot,West Pokot,2004,February,42,1959,23,165,1,28,66,2152,3,0,10,6,19,505,1976,0.2%,0.0%,0.5%,3.1,,,,,,,,,
Rift Valley,West Pokot,West Pokot,2004,March,23,691,6,27,0,0,29,718,5,2,6,5,18,337,1144,0.4%,0.2%,0.5%,4.0,,,,,,,,,
Rift Valley,West Pokot,West Pokot,2004,April,80,2422,26,166,9,61,115,2649,4,3,15,8,30,621,2372,0.2%,0.1%,0.6%,4.3,,,,,,,,,
Rift Valley,West Pokot,West Pokot,2004,May,157,2526,37,341,9,42,203,2909,10,14,12,14,50,1087,3458,0.3%,0.4%,0.3%,7.0,,,,,,,,,
Rift Valley,West Pokot,West Pokot,2004,June,151,2769,33,257,6,66,190,3092,7,7,11,30,65,983,2983,0.2%,0.2%,0.4%,6.1,,,,,,,,,
Rift Valley,West Pokot,West Pokot,2004,July,150,3464,28,284,6,121,184,3869,6,7,16,7,36,995,4450,0.1%,0.2%,0.4%,4.8,,,,,,,,,
Rift Valley,West Pokot,West Pokot,2004,August,239,3660,44,293,4,101,287,4054,3,2,25,10,40,1150,4376,0.1%,0.0%,0.6%,7.1,,,,,,,,,
Rift Valley,West Pokot,West Pokot,2004,September,188,3075,32,207,5,52,225,3334,13,14,45,23,95,955,3540,0.4%,0.4%,1.3%,6.7,,,,,,,,,
Rift Valley,West Pokot,West Pokot,2004,October,232,3785,29,260,18,130,279,4175,12,21,29,23,85,1043,3955,0.3%,0.5%,0.7%,6.7,,,,,,,,,
Rift Valley,West Pokot,West Pokot,2004,November,122,3166,40,281,23,122,185,3569,6,6,24,11,47,1040,3509,0.2%,0.2%,0.7%,5.2,,,,,,,,,
Rift Valley,West Pokot,West Pokot,2004,December,134,3012,42,312,9,175,185,3499,6,5,7,8,26,939,3386,0.2%,0.1%,0.2%,5.3,,,,,,,,,
Rift Valley,West Pokot,West Pokot,2005,January,182,3880,33,265,9,88,224,4233,5,4,27,23,59,1347,4777,0.1%,0.1%,0.6%,5.3,,,,,,,,,
Rift Valley,West Pokot,West Pokot,2005,February,225,4621,72,263,25,124,322,5008,1,4,11,21,37,1224,4837,0.0%,0.1%,0.2%,6.4,,,,,,,,,
Rift Valley,West Pokot,West Pokot,2005,March,122,3915,33,314,12,156,167,4385,16,16,34,19,85,1166,4594,0.3%,0.3%,0.7%,3.8,,,,,,,,,
Rift Valley,West Pokot,West Pokot,2005,April,142,3991,27,189,2,61,171,4241,2,0,15,14,31,1073,4461,0.0%,0.0%,0.3%,4.0,,,,,,,,,
Rift Valley,West Pokot,West Pokot,2005,May,76,3314,11,155,2,56,89,3525,1,2,13,5,21,1282,3280,0.0%,0.1%,0.4%,2.5,,,,,,,,,
Rift Valley,West Pokot,West Pokot,2005,June,140,4288,37,269,5,111,182,4668,9,0,8,20,37,1271,4391,0.2%,0.0%,0.2%,3.9,,,,,,,,,
Rift Valley,West Pokot,West Pokot,2005,July,128,4253,30,336,9,106,167,4695,3,0,10,15,28,1166,4458,0.1%,0.0%,0.2%,3.6,,,,,,,,,
Rift Valley,West Pokot,West Pokot,2005,August,107,3207,26,252,0,23,133,3482,0,0,3,11,14,1002,3672,0.0%,0.0%,0.1%,3.8,,,,,,,,,
Rift Valley,West Pokot,West Pokot,2005,September,121,4888,54,317,0,39,175,5244,1,1,2,17,21,1203,4703,0.0%,0.0%,0.0%,3.3,,,,,,,,,
Rift Valley,West Pokot,West Pokot,2005,October,90,3713,37,184,10,86,137,3983,4,6,7,9,26,944,4102,0.1%,0.1%,0.2%,3.4,,,,,,,,,
Rift Valley,West Pokot,West Pokot,2005,November,118,3425,23,132,13,35,154,3592,10,2,2,5,19,929,3517,0.3%,0.1%,0.1%,4.3,,,,,,,,,
Rift Valley,West Pokot,West Pokot,2005,December,71,2459,13,222,1,89,85,2770,3,9,4,9,25,869,3047,0.1%,0.3%,0.1%,3.1,,,,,,,,,
Rift Valley,West Pokot,West Pokot,2006,January,42,2851,15,239,2,229,59,3319,3,16,1,9,29,1170,3543,0.1%,0.5%,0.0%,1.8,36,,,,,,,,
Rift Valley,West Pokot,West Pokot,2006,February,106,3777,12,241,6,117,124,4135,0,7,5,6,18,864,4056,0.0%,0.2%,0.1%,3.0,36,,,,,,,,
Rift Valley,West Pokot,West Pokot,2006,March,69,3327,12,190,1,72,82,3589,0,4,13,12,29,909,3819,0.0%,0.1%,0.3%,2.3,36,20,55.56%,,,,,,
Rift Valley,West Pokot,West Pokot,2006,April,44,2780,14,347,4,130,62,3257,2,9,5,8,24,825,3119,0.1%,0.3%,0.2%,1.9,36,,,,,,,,
Rift Valley,West Pokot,West Pokot,2006,May,69,2182,7,236,2,76,78,2494,2,7,4,16,29,663,2814,0.1%,0.2%,0.1%,3.1,36,,,,,,,,
Rift Valley,West Pokot,West Pokot,2006,June,69,2123,8,216,0,101,77,2440,4,4,3,10,21,735,2447,0.2%,0.2%,0.1%,3.2,36,,,,,,,,
Rift Valley,West Pokot,West Pokot,2006,July,39,2028,14,253,4,104,57,2385,2,7,12,5,26,635,2389,0.1%,0.3%,0.5%,2.4,36,,,,,,,,
Rift Valley,West Pokot,West Pokot,2006,August,127,3185,12,298,28,50,167,3533,1,5,1,10,17,120,225,0.4%,2.2%,0.4%,4.7,36,,,,,,,,
Rift Valley,West Pokot,West Pokot,2006,September,142,3711,63,656,33,198,238,4565,1,0,4,9,14,1006,4565,0.0%,0.0%,0.1%,5.2,36,,,,,,,,
Rift Valley,West Pokot,West Pokot,2006,October,186,3652,12,310,28,52,226,4014,1,2,2,10,15,869,4084,0.0%,0.0%,0.0%,5.6,36,,,,,,,,
Rift Valley,West Pokot,West Pokot,2006,November,86,3578,32,418,6,113,124,4109,3,15,11,8,37,831,4113,0.1%,0.4%,0.3%,3.0,36,,,,,,,,
Rift Valley,West Pokot,West Pokot,2006,December,63,2543,11,354,2,264,76,3161,3,9,11,11,34,590,3161,0.1%,0.3%,0.3%,2.4,36,,,,,,,,
Rift Valley,West Pokot,West Pokot,2007,February,87,4146,22,468,6,221,115,4839,2,5,14,10,31,941,4442,0.0%,0.1%,0.3%,2.4,,,,totalwgt n total att?,,,,,
Rift Valley,West Pokot,West Pokot,2007,January,,,,,,,141,4751,2,5,8,8,23,,4751,0.0%,0.1%,0.2%,3.0,,,,,,,,,
Rift Valley,West Pokot,West Pokot,2007,February,87,4146,22,468,6,221,115,4835,2,5,14,10,31,941,4835,0.0%,0.1%,0.3%,2.4,,,,,,,,,
Rift Valley,West Pokot,West Pokot,2007,March,76,3557,18,302,6,112,100,3971,1,7,16,18,42,825,3971,0.0%,0.2%,0.4%,2.5,,,,14/05/07,,,,,
Rift Valley,West Pokot,West Pokot,2007,April,82,2746,37,468,31,239,150,3453,1,4,16,38,59,772,3453,0.0%,0.1%,0.5%,4.3,,,,,,,,,
Rift Valley,West Pokot,West Pokot,2007,May,104,2408,46,480,33,250,183,3138,6,11,8,35,60,867,3138,0.2%,0.4%,0.3%,5.8,,,,,,,,,
Rift Valley,West Pokot,West Pokot,2007,June,84,3077,56,1124,23,313,163,4514,2,3,6,33,44,866,4514,0.0%,0.1%,0.1%,3.6,,,#VALUE!,,,,,,
